2021-03-03,50.0,102.0,84.0,89.92827,88.0,38.027,144.52426,4.5781,48.255493,38.7544,47.0,21.947634,112.0,54.29939,57.0,103.0,96.33586,15.779,30.124,86.519
2021-03-04,40.0,92.89783,72.0,85.67415,76.0,23.91,197.0,4.9573345,35.018223,29.0,37.0,21.957,71.0,41.654755,46.0,75.0,94.32496,11.067,23.605,46.49034
2021-03-05,29.062002,72.08991,66.0,76.0,68.0,18.354,128.54659,5.168,29.632895,18.0,32.0,12.602,46.0,34.0,42.0,67.0,83.0,10.075,18.483,42.634174
2021-03-06,24.0,62.0,58.0,61.40757,63.0,14.276,105.0,4.4416,22.0,13.0,28.0,12.08,32.0,29.0,37.0,57.0,66.0,10.9353695,22.561,32.41316
2021-03-07,19.261108,48.0,47.0,54.0,58.0,20.211552,61.0,4.6573,15.0,11.0,19.65769,12.516,24.0,27.0,33.0,42.0,55.0,8.2079,18.995,23.148
2021-03-08,15.0,35.0,36.0,38.0,54.0,20.52835,33.0,5.24752,10.0,9.0,18.856045,9.4896,19.0,24.0,28.0,36.185528,45.0,10.2457285,15.006,68.25738
2021-03-09,13.0,27.515135,26.696337,23.0,46.474255,18.505,23.0,4.9889765,9.0,8.159429,18.923859,9.282201,16.0,21.966366,24.0,34.0,36.0,9.603,12.131999,78.57744
2021-03-10,14.0,23.0,24.0,21.0,47.759804,17.721,22.0,3.4083192,12.0,8.0,19.487793,9.1678,15.0,20.0,23.0,31.0,31.0,9.2081,11.01,148.01
2021-03-11,14.830974,22.445768,22.0,21.0,43.0,17.414377,24.534306,0.7027,18.0,8.0,19.072447,11.095,14.0,18.0,28.0,42.0,57.0,9.1984,13.399,87.883
2021-03-12,16.0,21.950716,19.0,20.0,39.0,16.283697,24.0,0.0,25.0,8.0,18.552074,7.926,14.149976,15.0,43.0,50.0,49.982216,11.278498,14.363001,41.019035
2021-03-13,17.0,22.0,17.482794,22.0,35.0,15.281999,26.0,0.0,31.0,8.0,18.328331,5.298,13.0,13.0,49.0,48.0,45.01262,14.304,9.6794,24.425
2021-03-14,18.0,22.0,17.638083,24.0,33.066128,18.604334,27.0,3.2738135,37.0,8.0,17.0,7.0422,12.0,11.0,46.0,46.0,54.0,8.5562,8.689781,25.034998
2021-03-15,19.0,22.0,17.34852,25.0,28.0,16.053,21.326954,3.2509,33.660954,8.0,16.0,11.736733,12.0,9.0,42.0,44.0,47.0,9.4162,8.7995,23.303
2021-03-16,22.113253,22.0,14.0,25.0,22.0,10.052423,21.186983,3.9422,33.942593,7.0,14.781655,4.851,21.0,9.0,40.0,42.0,37.860184,11.321294,7.9113274,18.724
2021-03-17,25.0,31.0,17.0,30.292528,21.0,6.5146003,18.58941,2.0505,42.0,40.243443,16.0,6.7159,27.755844,38.83147,50.96696,43.0,37.0,11.066517,7.1197,21.768
2021-03-18,29.0,167.0,24.0,36.948105,22.572573,15.690999,17.644798,3.0637,134.0,195.0,136.0,15.883,147.008,168.0,116.0,103.70257,33.0,10.438686,9.496417,47.131184
2021-03-19,32.0,253.27844,321.0,153.0,24.0,8.458,23.0,2.0366,465.0,438.0,201.0,190.38507,423.0,506.0,243.0,289.0,154.26784,9.1264,11.493309,80.484184
2021-03-20,117.82776,257.28748,347.0,375.91495,24.0,11.837498,22.0,4.0622,389.0,189.0,84.0,133.145,245.0,313.92734,103.0,383.29642,290.0,22.546,18.742,184.9647
2021-03-21,95.762634,237.0,266.0,287.0,30.89058,12.874,21.0,2.385525,201.95253,93.0,43.92641,42.324,168.45888,153.0,88.60125,217.0,340.4741,11.965,15.335667,330.48
2021-03-22,51.0,224.0,234.0,216.0,30.400427,15.567131,31.303698,2.5173,77.0,51.0,25.0,33.951668,103.7647,101.0,37.0,151.0,296.0,9.1205,13.240001,164.14
2021-03-23,101.34896,179.59422,195.0,188.0,23.0,15.7960005,18.0,2.0148,48.0,39.640102,11.0,16.87803,63.0,66.0,29.0,107.0,232.0,8.89788,17.301,149.14885
2021-03-24,82.0,140.0,141.0,148.0,23.0,14.791432,18.0,4.4427133,39.0,27.0,10.284881,10.169,59.56776,45.0,26.0,74.45318,177.0,7.8454995,9.7493,110.38999
2021-03-25,173.0,122.0,129.86446,101.0,22.0,22.784002,19.0,1.992,34.0,25.0,8.0,8.7227,168.03708,34.0,25.0,72.0,138.0,6.4599,10.678,63.923
2021-03-26,234.22656,109.0,140.0,220.0,81.0,222.12,125.00576,1.7605,241.0,141.0,207.0,121.01249,477.0,88.0,192.0,153.68768,131.0,223.89333,412.915,170.45
2021-03-27,206.0,101.0,196.0,314.0,159.69786,64.031,167.0,81.025,266.0,144.0,124.0,137.33763,470.0,140.0538,177.83427,151.0,223.0,71.162,148.195,148.59
2021-03-28,142.0,195.0,227.37012,263.0,229.0,124.85,261.0,9.2226,160.77074,102.75293,44.0,41.14692,267.66827,128.0,150.50838,132.0,212.88971,39.967678,67.476,108.61001
2021-03-29,105.0,178.05846,173.0,219.0,243.0,94.719,175.0,94.75475,98.0,74.0,34.0,30.631332,175.0,114.12794,119.098724,109.0,224.43091,50.913,39.34477,150.21428
2021-03-30,76.0,107.0,125.60569,166.0,181.0,76.254,129.0,9.5108,73.0,56.0,25.7977,18.111,106.76533,74.0,92.0,119.94803,170.0,28.15,35.268,187.93
2021-03-31,59.332478,75.0,81.45696,118.0,152.0,68.182335,101.07664,6.02,57.766113,45.0,20.872206,14.635311,69.0,51.0,56.0,90.0,130.0,19.676,30.124,95.736
2021-04-01,52.0,65.0,67.0,87.567726,112.84449,40.682,79.0,6.3451,47.0,38.360397,9.0,14.202,53.662155,38.0,44.697327,87.0,93.777245,16.056,15.602,61.002
2021-04-02,47.0,56.0,57.798763,69.0,89.50881,20.848879,69.55933,5.1216,43.49664,35.0,4.0,6.7525,44.0,28.0,40.0,60.0,68.0,10.759999,13.893466,67.32606
2021-04-03,39.433945,53.363827,47.0,53.0,98.0,16.307,58.0,3.4106,41.66421,30.0,4.0,5.0505,43.0,22.0,34.0,53.0,57.0,9.951694,13.042872,99.043
2021-04-04,36.729233,47.0,40.0,40.60387,87.0,20.036077,52.0,4.620432,43.0,28.0,4.0,8.7424,36.005802,21.0,29.0,43.0,51.35159,9.009,10.9210005,42.091
2021-04-05,32.0,43.0,37.44104,39.079067,76.0,20.048,45.571762,2.56257,46.388874,26.50416,4.0,14.1291,40.0,20.0,24.0,48.61716,51.0,10.049689,10.275041,35.962666
2021-04-06,27.0,39.0,33.0,34.70642,63.72644,25.519999,41.0,2.8328,44.0,25.0,4.0,9.269899,38.911934,19.0,21.26668,48.0,61.0,10.391253,9.849,29.239
2021-04-07,25.701693,37.51572,32.0,29.0,65.0,25.609,37.0,3.3806,40.0,24.0,4.0,7.5424,36.0,20.0,18.0,41.0,45.794434,8.9779,11.838,23.871
2021-04-08,24.879969,36.0,30.0,29.0,60.0,27.707,33.083645,5.3475,36.0,23.0,4.8238807,8.095582,35.3199,21.0,20.0,30.140802,38.0,7.6177,12.519725,27.368002
2021-04-09,24.91052,37.0,29.0,26.695534,55.0,31.10485,33.317814,0.6579,32.0,23.0,4.0,8.7306,31.0,27.189707,27.0,26.0,34.0,8.2304,12.128915,39.121
2021-04-10,24.0,44.869434,33.621014,28.0,52.0,33.746,32.0,0.66051,28.0,23.0,8.0,13.20814,28.0,28.55906,52.0,20.0,28.735922,12.978,14.833,30.666
2021-04-11,33.0,52.0,44.0,34.50549,71.0,31.694,34.0,8.5125,24.0,25.0,51.0,42.949,34.0,51.0,176.9319,32.246975,33.0,16.530333,22.102667,33.758
2021-04-12,52.31836,78.0,60.0,59.0,54.0,39.485332,53.4875,29.79025,23.883957,26.0,41.0,47.715702,57.0,102.0,417.0,65.61802,94.0,21.949,43.5195,44.909
2021-04-13,75.0,56.0,53.0,57.0,48.36386,42.961,79.0,15.187389,27.632196,16.0,22.149912,34.12,56.0,99.0,207.06334,65.0,102.0,16.54,22.868446,47.551
2021-04-14,76.30642,42.0,46.0,49.0,41.0,28.629,64.0,11.489642,15.0,12.354529,19.409903,18.758791,47.0,61.0,65.0,51.0,85.90746,9.8039,16.229,46.575
2021-04-15,76.0,31.0,40.823154,42.0,34.0,20.44921,57.0,8.599628,14.0,11.0,11.0,12.602,41.0,43.0,46.0,42.0,76.0,7.514,9.2838,39.202
2021-04-16,67.33329,26.0,35.0,36.0,29.0,16.129,49.34316,6.5383496,12.33718,9.0,8.48713,7.9103,37.0,34.91065,31.0,37.0,64.0,8.956546,9.4786,35.956
2021-04-17,64.0,22.103333,32.0,33.0,25.0,16.286,46.0,3.2744,12.0,14.465131,8.0,8.6436,32.284565,31.0,26.0,33.698277,56.0,10.227351,11.118,32.326317
2021-04-18,53.649372,19.0,29.0,32.0,22.278702,21.364,40.0,2.772,11.0,15.00718,7.0,8.3333,30.415693,28.265974,31.21383,34.265488,47.0,10.446292,8.1301,30.423584
2021-04-19,51.0,18.516329,27.0,30.0,19.0,30.230001,37.369,2.6018,23.0,14.243445,6.0,20.33315,31.0,23.0,28.657747,33.0,56.0,7.3985667,46.360565,39.528667
2021-04-20,38.0,17.45107,27.0,26.82396,24.7546,22.712,35.34868,2.0675,27.17095,14.414227,6.0,7.1474,27.0,21.0,30.048368,34.13293,67.0,10.554,6.5444007,31.731905
2021-04-21,36.0,16.0,28.957138,27.0,26.973108,13.972629,29.0,5.3973365,26.0,14.176307,5.0,10.841,26.0,20.799341,28.0,32.2982,42.0,8.7554,7.4223,29.368263
2021-04-22,42.0,26.0,36.0,35.0,31.0,11.845,33.4472,8.5526,23.0,16.0,4.7852025,7.1243,30.0,19.0,57.0,32.0,36.0,13.054,9.568051,33.744
2021-04-23,48.0,39.0,42.0,42.49927,31.179441,10.666,47.0,3.8986003,19.0,17.0,5.0,6.2538,29.985888,17.0,47.0,35.77377,46.0193,12.211001,12.845,34.674
2021-04-24,50.0,38.0,36.375294,48.0,25.0,16.064,41.0,4.1039,16.0,14.0,5.0,5.7034,28.0,16.0,32.0,36.159607,70.0,7.9575,8.8375,34.343
2021-04-25,45.0,30.0,34.565662,43.0,21.0,15.4115,33.10606,4.2239,12.0,11.0,5.0,6.7204,23.0,15.0,25.0,34.0,59.0,7.2512665,7.3165994,37.326332
2021-04-26,40.0,25.0,33.52088,39.0,21.02945,23.004,29.0,1.8371,9.0,9.0,4.0,9.178534,20.0,18.251589,19.0,29.547646,42.962307,7.1382003,59.304,30.323
2021-04-27,34.0,21.229067,29.0,45.0,17.0,21.102,26.0,3.6585,8.041318,11.799289,4.0,6.024799,18.0,18.292719,20.549982,27.0,39.0,7.0753365,6.0524,20.605873
2021-04-28,30.0,22.0,34.634186,36.0,16.0,30.877,26.0,2.7137,7.0,17.0,5.0,3.919,25.0,24.0,22.0,26.0,35.0,7.7793,7.7619,22.560999
2021-04-29,30.0,148.33562,73.0,36.0,24.457518,25.54,29.06473,6.6268,104.0,222.0,78.372215,244.79549,429.0,300.0,94.66296,57.0,88.300896,122.0625,5.96635,61.98395
2021-04-30,33.0,281.0,219.65883,196.0,25.976995,34.334,30.0,3.4602,135.0,158.0,86.0,118.982666,330.6521,269.0,149.0,211.54628,135.0,69.126,198.35869,173.06
2021-05-01,65.7839,155.0,195.0,311.0,28.852907,34.30764,45.0,3.3738,70.0,63.0,38.0,53.378002,166.0,165.52153,82.3783,175.0,164.0,28.099,64.30668,132.47
2021-05-02,39.0,112.0,117.0,197.66388,27.795649,27.76,45.0,7.787073,40.0,36.19608,22.0,28.101,96.0,81.0,35.0,107.0,143.0,15.197,25.084,154.34
2021-05-03,38.0,84.0,68.0,111.0,19.0,40.844,44.0,3.0600002,34.0,25.0,15.0,27.088,62.0,47.0,23.0,91.0,130.0,13.28345,13.404,74.176
2021-05-04,36.0,73.0,56.244267,73.0,16.0,28.086,43.0,3.2404,36.94269,25.0,24.0,20.675,45.0,36.0,27.856453,77.0,126.0,11.318,14.397,53.727875
2021-05-05,34.0,66.80898,49.166824,57.0,14.0,28.571,39.945858,1.3149,36.518528,24.0,24.0,24.065,38.0,39.0,35.0,66.0,109.05244,21.345,18.048,39.647
2021-05-06,32.0,54.0,47.237015,47.0,14.70564,24.898,41.0,1.354,42.0,22.0,10.0,15.84,35.0,29.0,31.0,55.0,105.0,13.103,13.783,35.203556
2021-05-07,30.0,44.0,42.0,39.0,13.0,21.693,40.0,1.3985,34.0,30.35084,5.0,18.23,31.0,25.0,27.0,45.0,92.0,9.4979,9.1923,26.114
2021-05-08,28.0,35.0,41.0,65.32406,12.0,15.71,39.0,2.5608,29.0,78.93945,5.0,11.708,28.0,21.0,157.80132,42.784748,80.0,8.2248,8.3681,24.489
2021-05-09,219.0,382.0,271.56583,256.0,23.0,87.586,189.0,289.215,195.0,293.0,299.0,255.5905,422.0,192.44835,697.0,100.0,147.0,385.775,352.345,63.0285
2021-05-10,132.0,349.0,287.0,300.0,55.0,91.43533,227.0,42.258,308.0,296.0,197.0,277.0825,489.95114,375.0,488.0,513.0,625.0,278.16354,437.42,296.01666
2021-05-11,108.07708,248.0,260.3953,317.86093,29.0,51.974796,137.0,19.164,185.0,199.0,83.0,195.85667,362.45627,219.0,250.0,368.0,351.0,72.723,259.26,426.59
2021-05-12,75.0,251.46307,198.0,224.0,26.0,34.045,81.0,10.329,122.33414,127.0,54.0,64.345894,206.90779,135.0,148.0,265.57785,231.0,32.28,67.768,301.11
2021-05-13,97.660515,187.0,183.0,212.0,27.0,25.495,54.0,8.2248,74.0,88.0,35.0,40.759,147.0,79.0,95.97741,162.0,196.0,24.062002,39.387943,219.39
2021-05-14,75.0,156.0,163.0,194.0,31.0,24.487,44.0,6.9796004,55.0,68.0,26.0,26.259,84.0,48.0,56.0,145.0,175.0,18.62348,27.40805,147.9878
2021-05-15,74.0,125.0,135.0,175.0,39.0,22.803,47.056087,8.277274,39.0,53.0,21.0,17.693,58.0,38.0,41.0,111.9768,156.0,17.06,22.973,112.11132
2021-05-16,72.63009,97.0,108.0,150.0,60.0,26.955,40.703274,8.4151,29.0,42.0,20.491953,14.421502,35.0,33.0,34.0,86.0,135.0,15.161,19.695,74.529
2021-05-17,71.0,83.0,90.0,107.0,95.237465,29.807,27.0,4.7112,23.0,31.299673,17.0,16.861,28.0,28.0,32.420155,65.0,86.38204,13.391334,16.560333,50.381
2021-05-18,70.0,71.0,75.0,65.0,113.0,45.772945,24.276403,3.3829,19.0,25.0,16.0,6.605,23.486801,23.0,31.603346,46.51235,75.0055,13.148999,19.217,43.417004
2021-05-19,73.0,59.0,67.0,37.372684,56.0,45.022,25.0,2.7378,14.368222,21.001926,15.152573,8.505849,23.0,20.429028,27.0,35.0,59.0,13.505821,14.239001,34.741
2021-05-20,81.0,48.0,59.0,21.0,87.0,47.849995,27.0,3.8,12.0,19.0,16.0,8.1301,22.0,19.53447,26.0,25.0,36.544086,13.148999,17.099,29.045
2021-05-21,94.0,44.0,51.0,34.0,86.0,41.57923,29.0,4.3559,10.0,17.0,14.971195,13.240001,21.0,18.623665,24.849714,23.0,31.0,12.281001,15.514,26.588
2021-05-22,107.0,42.0,42.0,37.56235,69.708565,36.577,31.276743,2.0,8.0,14.0,15.0,8.7189,20.013601,17.042568,23.860834,19.0,24.627844,10.690999,13.412999,25.198
2021-05-23,120.0,39.0,34.0,36.64927,70.0,54.054,34.0,3.232,7.0,12.0,14.812533,8.3507,20.0,13.0,23.0,15.0,23.0,8.6666,16.371,28.478998
2021-05-24,131.0,37.0,27.0,36.0,66.0,35.02,35.0,3.0276597,5.0,10.0,15.0,21.718267,20.0,12.0,25.07015,15.0,26.058874,8.270648,13.186666,28.104334
2021-05-25,83.09447,34.0,20.0,27.770271,60.50363,35.971,30.72921,2.7128296,7.268795,9.0,14.0,9.3771,21.0,11.0,28.0,15.050773,33.0,6.8869996,11.28,27.972
2021-05-26,86.30005,35.0,32.0,26.0,60.0,49.342,29.0,3.1403306,7.8224397,10.0,14.0,6.4701,24.06024,11.0,42.0,15.963313,30.0,10.466055,15.841,19.736
2021-05-27,98.0,74.08506,35.0,70.0,59.0,40.245,26.0,3.203,8.0,14.0,14.0,7.772,29.0,16.0,61.0,19.0,46.0,136.61783,9.3645,17.195
2021-05-28,88.0,113.78134,42.127293,86.0,58.0,89.993004,44.0,25.09035,9.0,22.0,14.0,12.45,50.0,37.31963,203.79852,50.0,118.0,265.62,440.995,73.056
2021-05-29,83.0,187.0,43.0,110.0,56.0,40.504,93.0,9.9469,9.0,31.0,14.0,10.217556,52.873062,54.0,990.0,102.45377,129.0,151.38733,199.16801,74.274
2021-05-30,78.0,112.0,37.0,61.0,55.0,36.959,74.653175,3.2552001,8.0,20.0,13.0,6.1728,53.912395,33.0,287.0,54.0,103.0,22.35,58.184002,48.011
2021-05-31,73.0,82.0,34.0,37.0,54.0,35.614,63.0,1.8903002,7.0,10.574786,13.0,7.422573,35.0,29.0,57.0,57.0,69.72074,14.179,26.404,37.07805
2021-06-01,69.0,64.342186,35.18494,31.0,52.679203,57.946,53.0,6.2139907,7.0,6.0,13.0,4.5932,26.0,25.427368,29.0,64.0,56.0,11.54855,18.247,31.075562
2021-06-02,62.329132,72.0,37.0,35.0,53.0,46.349,76.360146,8.125,7.0,13.0,27.0,10.184,37.22386,27.0,214.0,54.0,48.75937,40.053,36.002,25.477
2021-06-03,74.0,257.0,54.56253,39.19826,66.0,64.38,133.0,6.029717,20.0,87.0,192.0,37.60472,124.0,64.0,158.09729,59.0,56.0,58.857334,91.273,32.587
2021-06-04,74.0,209.20653,52.458847,42.0,60.0,54.01973,99.928,4.7106,26.371698,64.0,50.0,45.537807,100.28555,47.7989,121.0,50.0,61.24645,29.2265,53.5525,45.819996
2021-06-05,55.195873,184.0,41.0,51.0,52.08907,43.132,72.020805,1.2837,23.0,39.0,20.0,15.309001,62.050716,45.131027,86.49945,47.22687,57.0,21.822,30.961,35.07042
2021-06-06,53.0,131.0,39.0,45.670864,53.06882,54.2,66.74207,2.5188,12.0,22.71947,18.0,11.822,50.765537,28.0,46.0,38.0,54.0,14.314,28.093,33.887
2021-06-07,42.0,93.0,39.963093,33.0,48.0,50.717,55.0,6.2211,7.0,18.0,17.0,11.207934,38.0,21.0,25.0,35.0,46.638554,23.857267,22.544,31.819
2021-06-08,32.0,85.0,37.0,34.98794,48.0,58.507,138.1316,10.313664,12.0,118.0,16.0,200.52985,257.0,71.2345,411.0,40.0,46.055874,14.276,39.412,31.607
2021-06-09,39.0,528.0,46.0,52.0,55.0,145.13,416.0,29.034002,24.0,298.0,15.0,828.47675,426.0,191.0,861.0,163.88237,85.0,14.723,22.437918,40.575
2021-06-10,78.0,276.0,42.0,73.0,85.93128,156.37115,240.0,17.127,27.0,175.0,36.0,131.0825,339.14655,109.0,242.0,99.0,79.0,15.214,28.131002,95.302
2021-06-11,67.52083,171.99744,41.0,70.57145,71.0,132.11,181.61751,16.085,22.0,104.0,22.0,63.289463,201.0,52.0,74.0,88.0,97.0,14.993,83.66,143.81
2021-06-12,69.0,128.39563,43.0,62.53749,63.0,82.99073,118.0,13.635999,15.0,64.0,21.23261,43.180004,160.0,37.0,50.0,105.0,89.0,14.7960005,35.661076,61.712
2021-06-13,61.0,121.0,39.0,54.026333,56.0,75.351,94.0,9.5759,10.0,38.0,21.513168,29.965002,107.06675,27.0,38.379658,91.0,81.0,8.898,30.409998,44.224
2021-06-14,50.50046,108.0,37.0,34.0,50.0,117.23,73.0,11.38295,7.4447675,20.497183,20.564486,25.084,90.0,23.0,27.0,76.30363,68.08072,9.276825,21.221663,48.3
2021-06-15,48.0,81.6496,37.0,21.0,44.53361,58.459,60.0,9.3395,5.0,16.0,16.0,18.058,58.0,19.0,17.0,73.0,66.43291,7.1942,18.782,48.168
2021-06-16,43.0,68.45631,33.0,17.318552,42.0,62.069,51.0,10.06,5.0,14.0,16.0,25.122,36.0,19.0,15.0,58.893066,62.0,6.8445,11.979,42.839
2021-06-17,36.65701,70.828255,29.0,16.0,39.0,65.663,47.0,12.517001,7.0,21.527634,16.0,25.269999,23.0,20.076246,13.0,55.0,56.0,6.1643004,10.877,40.077
2021-06-18,38.0,99.06582,48.0,13.0,46.70431,82.307,47.0,58.9595,10.0,23.75226,28.0,23.497942,20.0,19.0,16.0,49.0,50.0,12.13178,12.119231,35.844242
2021-06-19,43.0,130.0,53.0,44.0,49.0,75.923,58.0,87.522,13.297412,38.0,37.0,24.575281,50.0,20.0,25.263178,45.0,50.865147,16.666,14.124,36.111
2021-06-20,42.0,147.0,50.0,35.0,70.0,69.382,76.0,13.605,16.0,34.0,25.0,29.369202,81.0,20.0,42.0,43.0,50.0,8.7837,15.832,29.164
2021-06-21,63.0,158.0,66.0,30.0,463.0,159.69,429.0,8.47582,21.0,27.0,22.0,36.893,78.0,20.0,523.0,46.0,64.0,7.5497,15.989001,36.769
2021-06-22,121.0,190.0,76.0,50.0,271.56192,277.14,321.57837,18.889965,25.122164,28.303415,21.017439,29.872667,74.69868,20.0,184.0,39.0,84.04658,5.5988,9.77245,36.4105
2021-06-23,107.9278,109.0,53.0,62.0,154.0,124.77,151.0,18.659729,18.0,21.0,20.624624,24.411316,62.0,19.0,87.17451,50.0,82.04081,5.7729,15.117164,32.459
2021-06-24,115.0,69.0,40.0,54.8492,98.0,64.38,129.0,15.207612,13.792188,20.0,18.0,23.208,48.68779,19.0,32.0,42.0,49.0,6.2981,18.468607,30.767492
2021-06-25,89.0,97.789696,54.0,58.35463,82.0,51.315998,116.0,60.181244,12.0,19.0,25.322943,18.791,48.0,18.0,117.93893,36.10892,45.0,8.454143,22.205307,35.665
2021-06-26,126.0,153.0,68.0,76.740295,134.60521,108.532104,148.0,339.87,8.527993,19.0,37.69887,16.069,42.0,17.0,337.0,43.0,54.0,9.247,56.064335,37.851
2021-06-27,193.0,109.41219,51.0,119.0,109.905396,173.46,194.0,149.87344,7.0,18.0,111.0,53.220184,53.08852,17.0,116.0,40.0,57.0,7.5282,42.497,61.805004
2021-06-28,103.043495,73.0,45.0,78.0,95.241844,103.09251,140.0,118.16251,16.777296,23.0,199.0,280.23,33.0,22.0,37.0,44.0,50.0,6.313933,17.169695,109.552
2021-06-29,72.201126,63.0,72.0,67.02028,103.0,91.307,127.0,285.36,26.0,23.0,44.0,79.492,132.0,34.0,23.0,51.0,43.0,7.7355,13.925,72.58711
2021-06-30,64.0,61.70703,58.0,68.0,86.0,81.259,142.0,190.63701,22.0,51.0,84.92606,78.50509,118.0,44.0,15.0,55.0,119.757225,23.881485,156.65,86.549
2021-07-01,98.0,66.0,143.0,104.0,78.0,86.114555,306.0,60.618866,18.0,42.0,132.0,159.985,135.0,36.0,22.37739,46.0,120.69529,25.932,93.69601,113.01
2021-07-02,150.0,67.0,207.0,186.0,72.0,61.786,162.22969,16.49,16.0,26.422743,53.0,70.274,145.0,28.580458,28.422873,55.0,112.19964,19.529253,49.056995,64.45
2021-07-03,131.0,74.923645,117.17633,119.22898,66.0,58.623,80.0,11.944,15.145158,22.617132,30.0,46.76,124.32415,22.0,28.0,46.0,84.0,14.6269865,24.732,59.304
2021-07-04,97.0,62.18043,61.0,88.385315,60.0,61.614,72.096405,9.3708,15.0,18.996042,27.0,32.06,109.0,23.440353,28.54331,43.07085,70.2502,6.1728,17.373,59.065
2021-07-05,68.0,56.72066,41.0,59.0,57.39678,56.38895,66.0,16.179667,15.0,11.0,23.51105,22.403204,94.0,22.540842,25.818596,38.0,69.0,6.0894494,18.8115,52.053665
2021-07-06,43.0,50.0,31.0,36.28211,54.36716,57.516003,61.0,9.7765,13.818733,11.0,21.0,20.027,78.0,22.890291,22.0,43.0,62.0,8.0375,15.758,46.638996
2021-07-07,36.0,47.0,27.0,28.0,53.811214,77.41801,57.883816,10.709,13.0,11.0,27.81652,23.621828,63.0,21.272339,21.0,44.0,57.0,49.315,16.843721,38.786404
2021-07-08,59.0,44.0,31.0,21.0,52.94634,117.6,66.0,41.379,14.0,9.781436,34.0,42.875996,50.024506,17.0,21.0,43.0,53.0,108.35,39.154984,36.59802
2021-07-09,68.0,43.0,37.534664,18.0,34.0,122.96,81.669685,12.104,14.0,10.0,23.0,33.462,40.0,18.0,20.0,45.24426,50.0,5.3368,20.759,29.689001
2021-07-10,55.0,45.0,37.420826,22.0,31.776314,70.373,71.06043,7.3811975,11.0,12.0,20.0,19.23,50.0,29.711493,19.0,45.31695,51.0,16.498312,23.859,35.08224
2021-07-11,47.0,52.0,41.024815,26.0,29.0,53.998,66.78246,7.3874993,12.0,22.0,19.0,41.948,66.0,58.0,36.0,61.0,75.0,31.042175,79.7345,36.152
2021-07-12,44.0,68.0,66.0,24.0,38.0,88.467,93.25089,12.760834,12.0,24.0,19.0,26.018333,102.0,50.005383,42.436943,59.0,82.0,35.84275,133.35,43.8455
2021-07-13,64.35281,99.0,58.0,83.0,137.0,391.13,182.0,182.90132,8.0,31.648111,19.0,35.353,85.0,45.0,39.0,49.718876,74.0,37.921,134.52667,81.163
2021-07-14,87.0,79.13203,61.0,103.28718,212.0,133.81,328.0,37.0535,7.0,49.0,20.0,21.304,115.0,39.0,33.0,39.0,68.0,20.064,65.78,53.619
2021-07-15,55.0,61.0,47.76121,96.0,101.0,111.03,170.0,12.096,18.0,25.0,20.0,14.124,122.0,40.0,59.0,54.0,69.00204,124.51,57.324,48.407
2021-07-16,49.86169,90.0,58.0,110.28011,81.0,75.534,68.0,11.355,24.54409,25.0,56.0,118.8442,207.0,44.0,299.0,65.0,57.0,145.25366,96.29365,77.055695
2021-07-17,52.0,236.0,242.0,213.0,162.10017,109.38999,69.0,52.684002,36.0,97.0,144.0,185.06334,305.0,131.61122,200.0,180.62877,133.0,59.207996,89.711,116.87
2021-07-18,65.0,149.28772,100.0,150.0,157.0,156.84,121.0,17.96,51.0,112.0,65.0,97.06033,181.96608,132.0,99.0,124.0,243.0,32.858334,30.124,290.94
2021-07-19,61.063324,92.0,67.234375,81.0,96.0,103.49774,106.0,11.3914995,35.171497,70.0,26.0,36.27573,56.0,58.0,63.0,99.27317,161.0,20.397,34.219,169.43666
2021-07-20,50.573833,76.0,50.0,61.375916,76.0,80.559,98.0,9.7402,28.0,45.0,15.0,27.944,44.0,45.0,45.0,67.991234,85.0,13.357999,21.78,101.4082
2021-07-21,50.0,69.0,39.874786,40.0,53.942265,57.629,87.0,8.5134,28.0,31.0,10.0,18.196157,49.0,35.0,33.0,58.0,54.088085,12.048,15.812,52.069
2021-07-22,48.0,65.0,36.0,32.0,54.0,52.520832,76.0,5.6461005,23.857796,25.0,9.0,14.935,39.020763,26.0,31.0,49.0,49.639576,11.829999,10.906001,60.806
2021-07-23,48.0,70.0,34.0,30.0,120.0,110.51,59.0,59.0475,23.41054,27.86778,8.0,13.435,37.0,22.0,65.0,37.56276,36.0,27.153654,132.783,75.37
2021-07-24,60.0,74.466644,46.0,48.0,225.0,218.32,89.0,169.577,22.0,28.458975,8.0,10.06,33.831818,21.0,173.0,45.0,58.0,62.839,87.61667,37.109
2021-07-25,82.0,81.13629,45.0,58.0,362.0,184.25146,192.0,34.727,24.81356,32.0,8.0,7.9576,31.0,20.0,135.0,47.620846,95.327065,62.839,55.128002,91.66
2021-07-26,89.0,85.0,43.0,52.0,154.0,69.166664,99.0,12.1436,24.0,38.0,7.3178782,8.567267,31.450287,21.0,102.890625,47.46945,91.0,62.839,27.881998,53.49867
2021-07-27,79.0,69.0,44.0,45.0,95.0,29.333,71.98078,7.0967,30.0,28.0,7.0,6.6355996,28.0,23.0,78.40166,34.0,83.0,62.839,12.445,44.572002
2021-07-28,71.0,76.0,45.0,44.0,77.0,17.241,46.0,5.8252006,18.0,23.0,7.0,6.3411,27.0,30.0,71.0,29.0,76.0,62.839,8.1688,30.618002
2021-07-29,65.0,64.0,42.0,46.0,63.0,16.37,48.0,6.4841,15.0,20.192312,7.0,10.702,26.0,38.0,71.0,25.0,70.0,48.069744,8.8657875,43.631
2021-07-30,58.0,47.0,40.369015,46.0,46.0,14.12,50.0,4.6174,15.0,19.0,7.4902673,6.4557,26.581884,43.0,70.0,23.0,64.0,62.839,5.8939,37.623
2021-07-31,51.0,38.0,36.0,40.0,36.0,20.221,52.0,3.8168,17.0,17.970232,7.1202273,7.925751,28.0,42.0,72.0,20.0,57.0,53.440613,6.3291,37.333
2021-08-01,46.0,34.0,35.0,32.0,29.0,21.935,46.0,5.102,16.0,16.0,7.0,7.2691665,31.0,41.0,74.0,19.0,51.0,62.839,4.8109,41.132
2021-08-02,39.638638,32.0,33.0,24.0,26.0,29.091928,33.474693,3.7549334,16.0,15.0,7.0,8.588166,28.141592,38.810944,75.0,18.0,45.0,12.076701,6.6321054,36.477665
2021-08-03,38.0,31.069664,31.0,15.85698,23.0,26.41966,26.0,2.6684,16.23797,14.0,6.271555,8.214342,27.894571,40.0,77.0,19.33209,39.0,8.8255,5.7547126,30.646002
2021-08-04,36.0,30.0,29.0,13.0,24.392403,44.088,22.952036,3.8191998,15.0,13.0,6.0,7.9333935,23.0,39.0,77.0,18.284391,35.0,9.0615,6.8196006,26.281
2021-08-05,31.941551,30.52974,27.0,11.0,22.0,43.10773,21.0,3.3310997,14.0,13.0,6.0,9.7024,21.0,36.04622,76.0,17.0,33.0,10.176,5.0987,26.554
2021-08-06,31.06111,31.0,27.0,9.0,23.51227,52.463,20.0,5.291,14.0,12.0,6.0,6.971712,18.548822,38.0,69.520836,17.0,30.0,10.142,5.5401,22.296469
2021-08-07,31.149458,32.0,29.0,9.0,22.0,46.56,19.0,3.681792,14.400313,12.0,6.0,7.1521,16.0,37.0,76.0,18.0,29.0,11.509,7.3676,21.554
2021-08-08,33.0,32.616055,30.0,11.0,22.955193,48.17937,23.845186,3.4966576,14.525918,12.0,9.0,6.1349006,14.0,36.169403,76.0,18.0,28.0,12.900769,4.0404,24.209
2021-08-09,33.0,33.0,29.0,11.52365,21.0,48.86,25.443087,3.4601,15.0,13.0,9.0,15.5092,13.0,36.501316,75.0,18.0,25.87205,15.246999,8.100433,25.046051
2021-08-10,41.363842,43.571014,34.248425,14.0,21.0,45.483997,29.339598,6.6711,22.0,14.261405,7.0,7.8174996,14.0,44.0,80.0,20.014097,26.0,14.379001,6.4391,22.962229
2021-08-11,42.314617,51.0,44.0,32.0,32.482006,50.847,32.266975,5.2666,23.0,16.0,19.0,35.216,21.0,59.0,100.0,21.0,32.549267,36.666,8.683713,28.928
2021-08-12,64.0,50.00522,45.018005,53.0,38.093876,49.217,31.0,5.916262,21.0,24.0,14.849305,11.417,38.590107,57.0,113.0,32.0,44.0,23.855001,9.2226,30.84005
2021-08-13,53.0,36.0,41.08751,47.0,70.0,47.823,29.0,8.1709,18.0,20.0,11.0,6.0524,35.0,47.197353,111.800476,43.0,37.822033,18.126417,15.904,32.994
2021-08-14,43.0,31.0,40.11682,34.854824,68.0,92.617,47.72084,7.7139,17.0,18.0,8.0,11.938,33.0,45.347855,102.0,40.0,38.127026,17.587877,13.55,35.491
2021-08-15,37.0,29.0,30.0,26.0,45.0,76.7407,57.716187,7.8515,17.0,16.0,8.0,6.4724,30.356142,39.0,96.0,39.319088,37.92854,16.287878,9.0438,39.057
2021-08-16,34.0,24.956514,28.0,21.0,30.0,62.29131,61.0,3.7946002,16.0,14.644775,8.0,7.8016334,29.0,36.574512,89.45791,35.0,32.0,11.209666,8.317538,42.119
2021-08-17,31.0,22.0,23.123442,16.0,27.0,71.294,54.52508,2.0066,15.0,15.0,7.0,6.8869996,26.163544,38.689793,84.0,32.620235,27.0,9.868536,7.8628044,35.984
2021-08-18,30.0,22.0,21.459105,14.0,27.0,54.142803,52.0,3.1746,14.0,14.708739,10.0,8.0916,26.0,38.0,79.0,31.0,24.0,8.8919,6.0852,34.212
2021-08-19,30.0,22.0,22.0,11.317711,29.0,47.912,41.814106,1.3271,13.0,15.0,8.922429,5.8593,25.0,41.0,75.0,29.0,22.0,8.984546,6.9705243,31.434687
2021-08-20,29.0,22.0,20.0,11.0,32.0,46.254,42.0,2.6455,12.0,14.0,8.680216,5.897821,24.0,44.0,71.0,27.0,19.475584,9.2348,6.4725,26.613
2021-08-21,30.0,23.0,17.157412,9.955182,36.0,38.334,34.434925,3.2992752,12.0,13.856984,8.0,7.0198,24.0,42.88419,126.0,25.828093,17.0,9.381748,7.5497,23.968
2021-08-22,31.0,24.0,16.0,9.0,40.017162,45.454,37.0,3.7879,13.0,13.263603,7.086731,6.3131003,24.0,41.0,125.46326,23.0,15.0,10.423,7.0558,21.38587
2021-08-23,31.282034,24.0,16.0,9.0,42.0,42.039,34.0,4.040467,12.40305,12.817715,7.0,6.377148,24.0,39.0,142.0,19.0,14.0,20.605333,9.831833,19.057
2021-08-24,38.0,28.49872,22.0,11.0,44.2068,43.2757,34.0,3.3876638,13.0,13.0,7.0,6.426432,22.0,38.0,99.33325,22.0,16.0,15.267001,11.675,24.579
2021-08-25,43.0,32.0,29.737549,11.0,42.225647,45.245,34.0,3.6742,15.0,14.934991,7.0,12.692,23.0,38.0,90.187874,28.0,14.0,9.454875,12.681,24.021997
2021-08-26,43.341297,37.37618,35.758118,10.717078,46.02956,44.791416,28.818136,10.305606,14.508727,14.73622,7.0,7.8636,26.0,39.513786,94.0,24.0,13.0,3.8935,9.088363,19.682
2021-08-27,43.294415,36.0,51.0,13.0,36.0,44.192196,30.0,55.064,14.0,14.731732,6.3523927,3.1645,27.0,55.0,237.0,26.965128,13.0,5.98,6.68,23.255
2021-08-28,46.0,41.421246,50.0,17.124763,31.0,45.245,27.0,7.6976,14.0,16.0,8.0,5.2562,26.28921,78.0,230.0,30.0,15.0,35.928,9.1463,22.514
2021-08-29,41.0,42.0,51.0,19.0,27.0,32.766457,23.0,6.135717,13.0,14.0,7.0,4.9857,25.540838,68.802284,194.0,24.0,17.309258,19.633,13.493129,19.144
2021-08-30,36.442375,53.0,40.74375,12.0,32.450005,35.210033,18.0,4.853,12.0,13.0,9.0,4.020528,26.0,76.00128,174.0,23.0,18.0,20.46816,14.8245,19.414
2021-08-31,34.0,62.98163,46.0,8.0,38.0,40.983,21.0,3.696986,12.0,19.0,8.124628,4.676,24.666067,102.0,146.5257,22.0,19.0,25.49,15.403,20.529
2021-09-01,32.0,66.582016,42.0,8.146279,49.0,41.994,24.0,3.4746,12.0,13.0,10.0,4.1869,23.257645,82.0,152.0,23.0,20.0,15.713001,12.889517,27.341
2021-09-02,29.0,72.0,34.829582,7.2864337,47.0,39.95,23.0,3.3489015,21.0,9.837599,9.0,1.9169,22.34499,63.0,139.2811,30.0,22.0,7.7821,11.749,17.8
2021-09-03,27.0,65.0,35.0,7.0,45.0,43.147,22.0,3.6923,19.0,9.0,7.517506,4.5751,24.0,56.0,132.0,32.0,23.0,6.5402,6.8965,19.512
2021-09-04,26.0,48.0,33.0,11.0,45.0,33.492,20.0,1.3219,17.0,8.0,8.0,6.2805,23.0,52.0,123.0,31.0,24.0,6.7659,7.3664994,23.687002
2021-09-05,26.0,36.65628,30.0,10.146765,48.0,42.156,20.0,3.0959,15.0,7.0,8.0,3.8884997,22.0,47.348133,132.0,30.0,25.0,10.404631,12.204431,18.125
2021-09-06,25.17819,31.0,25.952328,11.0,52.0,38.671333,21.0,7.5633,13.081683,5.750414,7.171078,2.7118,22.0,47.0,120.0,29.0,23.723919,8.996877,29.82145,30.007668
2021-09-07,24.0,28.0,26.0,10.0,56.0,30.303696,21.0,3.2614012,12.0,6.0,6.3561363,4.29715,27.0,45.0,132.03694,28.0,27.0,7.9734,9.3209,26.264
2021-09-08,25.0,27.0,21.162954,8.0,53.03342,30.631142,20.0,2.1443,14.0,6.0,7.0,4.5513,30.0,48.0,207.0,25.0,25.0,6.657482,8.938799,22.639343
2021-09-09,26.0,28.0,23.0,8.0,58.23041,36.74,19.0,2.038,16.0,5.0,7.0,5.2735,27.689608,52.0,264.0,23.0,22.0,11.103,17.751,20.069397
