2021-03-03,50.0,102.0,84.0,103.0,88.0,38.027,234.0,4.5781,68.0,55.0,47.0,26.214,112.0,71.0,57.0,103.0,121.0,15.779,30.124,86.519
2021-03-04,40.0,86.0,72.0,84.0,76.0,23.91,197.0,3.2786,42.0,29.0,37.0,21.957,71.0,51.0,46.0,75.0,100.0,11.067,23.605,60.518
2021-03-05,31.0,75.0,66.0,76.0,68.0,18.354,159.0,5.168,29.0,18.0,32.0,12.602,46.0,34.0,42.0,67.0,83.0,10.075,18.483,41.702
2021-03-06,24.0,62.0,58.0,68.0,63.0,14.276,105.0,4.4416,22.0,13.0,28.0,12.08,32.0,29.0,37.0,57.0,66.0,8.3925,22.561,30.379
2021-03-07,19.0,48.0,47.0,54.0,58.0,11.564,61.0,4.6573,15.0,11.0,25.0,12.516,24.0,27.0,33.0,42.0,55.0,8.2079,18.995,23.148
2021-03-08,15.0,35.0,36.0,38.0,54.0,12.420134,33.0,3.8387334,10.0,9.0,22.0,9.4896,19.0,24.0,28.0,48.0,45.0,10.694,15.006,38.83433
2021-03-09,13.0,24.0,26.0,23.0,50.0,18.505,23.0,3.8412,9.0,8.0,21.0,9.2822,16.0,22.0,24.0,34.0,36.0,9.603,12.132,29.667
2021-03-10,14.0,23.0,24.0,21.0,46.0,17.721,22.0,1.8903,12.0,8.0,20.0,9.1678,15.0,20.0,23.0,31.0,31.0,9.2081,11.01,148.01
2021-03-11,15.0,23.0,22.0,21.0,43.0,20.526,23.0,0.7027,18.0,8.0,18.0,11.095,14.0,18.0,28.0,42.0,57.0,9.1984,13.399,87.883
2021-03-12,16.0,23.0,19.0,20.0,39.0,23.24,24.0,0.0,25.0,8.0,17.0,7.926,13.0,15.0,43.0,50.0,75.0,7.6976,14.363,27.577
2021-03-13,17.0,22.0,18.0,22.0,35.0,15.282,26.0,0.0,31.0,8.0,17.0,5.298,13.0,13.0,49.0,48.0,63.0,14.304,9.6794,24.425
2021-03-14,18.0,22.0,17.0,24.0,32.0,18.604334,27.0,1.9929633,37.0,8.0,17.0,7.0422,12.0,11.0,46.0,46.0,54.0,8.5562,9.357966,25.035
2021-03-15,19.0,22.0,15.0,25.0,28.0,16.053,28.0,3.2509,42.0,8.0,16.0,11.736733,12.0,9.0,42.0,44.0,47.0,9.4162,8.7995,23.303
2021-03-16,22.0,22.0,14.0,25.0,22.0,10.645,27.0,3.9422,43.0,7.0,16.0,4.851,21.0,9.0,40.0,42.0,42.0,7.7519,8.0917,18.724
2021-03-17,25.0,31.0,17.0,21.0,21.0,6.5146,26.0,2.0505,42.0,8.0,16.0,6.7159,24.0,9.0,45.0,43.0,37.0,9.4086,7.1197,21.768
2021-03-18,29.0,167.0,24.0,26.0,25.0,15.691,24.0,3.0637,134.0,195.0,136.0,15.883,113.0,168.0,116.0,45.0,33.0,9.3146,11.533,61.224
2021-03-19,32.0,638.0,321.0,153.0,24.0,8.458,23.0,2.0366,465.0,438.0,201.0,212.38667,423.0,506.0,243.0,289.0,163.0,9.1264,7.6977,31.735
2021-03-20,38.0,362.0,347.0,362.0,24.0,10.482,22.0,4.0622,389.0,189.0,84.0,133.145,245.0,269.0,103.0,407.0,290.0,22.546,18.742,108.65
2021-03-21,45.0,237.0,266.0,287.0,24.0,12.874,21.0,2.385525,151.0,93.0,45.0,42.324,157.0,153.0,46.0,217.0,305.0,11.965,15.335667,330.48
2021-03-22,51.0,224.0,234.0,216.0,24.0,13.87,19.0,2.5173,77.0,51.0,25.0,33.951668,104.0,101.0,37.0,151.0,296.0,9.1205,13.24,164.14
2021-03-23,59.0,190.0,195.0,188.0,23.0,15.796,18.0,2.0148,48.0,32.0,11.0,16.348,63.0,66.0,29.0,107.0,232.0,6.8835,17.301,100.2
2021-03-24,82.0,140.0,141.0,148.0,23.0,17.798,18.0,3.1989,39.0,27.0,9.0,10.169,39.0,45.0,26.0,70.0,177.0,7.8455,9.7493,110.39
2021-03-25,173.0,122.0,95.0,101.0,22.0,22.784,19.0,1.992,34.0,25.0,8.0,8.7227,26.0,34.0,25.0,72.0,138.0,6.4599,10.678,63.923
2021-03-26,264.0,109.0,140.0,220.0,81.0,222.12,32.0,1.7605,241.0,141.0,207.0,121.0125,477.0,88.0,192.0,98.0,131.0,223.89333,412.915,170.45
2021-03-27,206.0,101.0,196.0,314.0,162.0,64.031,167.0,81.025,266.0,144.0,124.0,98.989,470.0,161.0,149.0,151.0,223.0,71.162,148.195,148.59
2021-03-28,142.0,195.0,167.0,263.0,229.0,124.85,261.0,9.2226,140.0,105.0,44.0,32.932,285.0,128.0,391.0,132.0,204.0,45.985,67.476,108.61
2021-03-29,105.0,188.0,173.0,219.0,243.0,94.719,175.0,94.75475,98.0,74.0,34.0,30.631332,175.0,147.0,210.0,109.0,216.0,50.913,63.0865,137.22333
2021-03-30,76.0,107.0,120.0,166.0,181.0,76.254,129.0,9.5108,73.0,56.0,22.0,18.111,107.0,74.0,92.0,98.0,170.0,28.15,35.268,187.93
2021-03-31,63.0,75.0,87.0,118.0,152.0,53.629,97.0,6.02,55.0,45.0,14.0,12.73,69.0,51.0,56.0,90.0,130.0,19.676,30.124,95.736
2021-04-01,52.0,65.0,67.0,89.0,129.0,40.682,79.0,6.3451,47.0,40.0,9.0,14.202,50.0,38.0,48.0,87.0,90.0,16.056,15.602,61.002
2021-04-02,47.0,56.0,55.0,69.0,110.0,21.8,65.0,5.1216,42.0,35.0,4.0,6.7525,44.0,28.0,40.0,60.0,68.0,10.76,10.245,46.114
2021-04-03,42.0,52.0,47.0,53.0,98.0,16.307,58.0,3.4106,42.0,30.0,4.0,5.0505,43.0,22.0,34.0,53.0,57.0,10.295,8.9171,99.043
2021-04-04,37.0,47.0,40.0,42.0,87.0,17.988,52.0,5.2631,43.0,28.0,4.0,8.7424,41.0,21.0,29.0,43.0,45.0,9.009,10.921,42.091
2021-04-05,32.0,43.0,36.0,35.0,76.0,20.048,46.0,2.56257,44.0,27.0,4.0,14.1291,40.0,20.0,24.0,50.0,51.0,7.7006,8.41155,35.962666
2021-04-06,27.0,39.0,33.0,29.0,70.0,25.52,41.0,2.8328,44.0,25.0,4.0,17.699,39.0,19.0,20.0,48.0,61.0,9.2653,9.849,29.239
2021-04-07,26.0,37.0,32.0,29.0,65.0,25.609,37.0,3.3806,40.0,24.0,4.0,7.5424,36.0,20.0,18.0,41.0,44.0,8.9779,11.838,23.871
2021-04-08,25.0,36.0,30.0,29.0,60.0,27.707,34.0,5.3475,36.0,23.0,4.0,6.8587,33.0,21.0,20.0,39.0,38.0,7.6177,11.795,27.368
2021-04-09,25.0,37.0,29.0,30.0,55.0,30.483,33.0,0.6579,32.0,23.0,4.0,8.7306,31.0,24.0,27.0,26.0,34.0,8.2304,9.0732,39.121
2021-04-10,24.0,38.0,30.0,28.0,52.0,33.746,32.0,0.66051,28.0,23.0,8.0,8.0916,28.0,30.0,52.0,20.0,30.0,12.978,14.833,30.666
2021-04-11,33.0,52.0,44.0,36.0,71.0,31.694,34.0,8.5125,24.0,25.0,51.0,42.949,34.0,51.0,376.0,32.0,33.0,16.530333,22.102667,33.758
2021-04-12,53.0,78.0,60.0,59.0,54.0,39.485332,80.0,29.79025,20.0,26.0,41.0,44.127,57.0,102.0,417.0,82.0,94.0,21.949,43.5195,44.909
2021-04-13,75.0,56.0,53.0,57.0,48.0,42.961,79.0,7.6977,16.0,16.0,25.0,34.12,56.0,99.0,126.0,65.0,102.0,16.54,28.724,47.551
2021-04-14,83.0,42.0,46.0,49.0,41.0,28.629,64.0,2.0561,15.0,13.0,16.0,11.553,47.0,61.0,65.0,51.0,89.0,9.8039,16.229,46.575
2021-04-15,76.0,31.0,39.0,42.0,34.0,19.498,57.0,2.7063,14.0,11.0,11.0,12.602,41.0,43.0,46.0,42.0,76.0,7.514,9.2838,39.202
2021-04-16,70.0,26.0,35.0,36.0,29.0,16.129,51.0,2.5332,13.0,9.0,10.0,7.9103,37.0,36.0,31.0,37.0,64.0,6.9312,9.4786,35.956
2021-04-17,64.0,22.0,32.0,33.0,25.0,16.286,46.0,3.2744,12.0,8.0,8.0,8.6436,34.0,31.0,26.0,35.0,56.0,6.8823,11.118,30.674
2021-04-18,58.0,19.0,29.0,32.0,21.0,21.364,40.0,2.772,11.0,6.0,7.0,8.3333,33.0,27.0,22.0,34.0,47.0,9.7975,8.1301,34.53
2021-04-19,51.0,17.0,27.0,30.0,19.0,30.23,43.0,2.6018,23.0,6.0,6.0,20.33315,31.0,23.0,18.0,33.0,56.0,7.3985667,46.360565,39.528667
2021-04-20,38.0,14.0,27.0,28.0,18.0,22.712,27.0,2.0675,29.0,5.0,6.0,7.1474,27.0,21.0,16.0,32.0,67.0,10.554,6.5444,31.895
2021-04-21,36.0,16.0,27.0,27.0,22.0,8.9858,29.0,3.7806,26.0,8.0,5.0,10.841,26.0,20.0,28.0,32.0,42.0,8.7554,7.4223,27.084
2021-04-22,42.0,26.0,36.0,35.0,31.0,11.845,36.0,8.5526,23.0,16.0,5.0,7.1243,30.0,19.0,57.0,32.0,36.0,13.054,13.431,33.744
2021-04-23,48.0,39.0,42.0,47.0,30.0,10.666,47.0,3.8986,19.0,17.0,5.0,6.2538,35.0,17.0,47.0,38.0,66.0,12.211,12.845,34.674
2021-04-24,50.0,38.0,39.0,48.0,25.0,16.064,41.0,4.1039,16.0,14.0,5.0,5.7034,28.0,16.0,32.0,37.0,70.0,7.9575,8.8375,34.343
2021-04-25,45.0,30.0,35.0,43.0,21.0,15.4115,33.0,4.2239,12.0,11.0,5.0,6.7204,23.0,15.0,25.0,34.0,59.0,7.2512665,7.3166,37.326332
2021-04-26,40.0,25.0,32.0,39.0,19.0,23.004,29.0,1.8371,9.0,9.0,4.0,9.178534,20.0,14.0,19.0,30.0,48.0,7.1382,59.304,30.323
2021-04-27,34.0,23.0,29.0,45.0,17.0,21.102,26.0,3.6585,6.0,8.0,4.0,5.1612,18.0,13.0,14.0,27.0,39.0,9.4408,6.0524,35.883
2021-04-28,30.0,22.0,27.0,36.0,16.0,30.877,26.0,2.7137,7.0,17.0,5.0,3.919,25.0,24.0,22.0,26.0,35.0,7.7793,7.7619,22.561
2021-04-29,30.0,307.0,73.0,36.0,17.0,25.54,25.0,6.6268,104.0,222.0,188.0,244.7955,429.0,300.0,68.0,57.0,33.0,122.0625,5.96635,29.077
2021-04-30,33.0,281.0,330.0,196.0,31.0,34.334,30.0,3.4602,135.0,158.0,86.0,118.982666,301.0,269.0,149.0,284.0,135.0,69.126,198.35867,173.06
2021-05-01,37.0,155.0,195.0,311.0,37.0,25.832,45.0,3.3738,70.0,63.0,38.0,53.378,166.0,136.0,79.0,175.0,164.0,28.099,54.728,132.47
2021-05-02,39.0,112.0,117.0,188.0,26.0,27.76,45.0,1.3917,40.0,36.0,22.0,28.101,96.0,81.0,35.0,107.0,143.0,15.197,25.084,154.34
2021-05-03,38.0,84.0,68.0,111.0,19.0,40.844,44.0,3.06,34.0,25.0,15.0,27.088,62.0,47.0,23.0,91.0,130.0,13.28345,13.404,74.176
2021-05-04,36.0,73.0,54.0,73.0,16.0,28.086,43.0,3.2404,99.0,25.0,24.0,20.675,45.0,36.0,27.0,77.0,126.0,11.318,14.397,46.265
2021-05-05,34.0,63.0,47.0,57.0,14.0,28.571,42.0,1.3149,76.0,24.0,24.0,24.065,38.0,39.0,35.0,66.0,118.0,21.345,18.048,39.647
2021-05-06,32.0,54.0,44.0,47.0,13.0,24.898,41.0,1.354,42.0,22.0,10.0,15.84,35.0,29.0,31.0,55.0,105.0,13.103,13.783,36.063
2021-05-07,30.0,44.0,42.0,39.0,13.0,21.693,40.0,1.3985,34.0,22.0,5.0,18.23,31.0,25.0,27.0,45.0,92.0,9.4979,9.1923,26.114
2021-05-08,28.0,35.0,41.0,33.0,12.0,15.71,39.0,2.5608,29.0,30.0,5.0,11.708,28.0,21.0,25.0,43.0,80.0,8.2248,8.3681,24.489
2021-05-09,219.0,382.0,132.0,256.0,23.0,87.586,189.0,289.215,195.0,293.0,299.0,255.5905,422.0,322.0,697.0,100.0,147.0,385.775,352.345,63.0285
2021-05-10,132.0,349.0,287.0,300.0,55.0,91.43533,227.0,42.258,308.0,296.0,197.0,277.0825,407.0,375.0,488.0,513.0,625.0,139.2,437.42,296.01666
2021-05-11,78.0,248.0,217.0,238.0,29.0,41.078,137.0,19.164,185.0,199.0,83.0,195.85667,261.0,219.0,250.0,368.0,351.0,72.723,259.26,426.59
2021-05-12,75.0,215.0,198.0,224.0,26.0,34.045,81.0,10.329,114.0,127.0,54.0,73.254,202.0,135.0,148.0,243.0,231.0,32.28,67.768,301.11
2021-05-13,76.0,187.0,183.0,212.0,27.0,25.495,54.0,8.2248,74.0,88.0,35.0,40.759,147.0,79.0,99.0,162.0,196.0,24.062,37.258,219.39
2021-05-14,75.0,156.0,163.0,194.0,31.0,24.487,44.0,6.9796,55.0,68.0,26.0,26.259,84.0,48.0,56.0,145.0,175.0,19.828,28.053,171.98
2021-05-15,74.0,125.0,135.0,175.0,39.0,22.803,36.0,4.084,39.0,53.0,21.0,17.693,58.0,38.0,41.0,113.0,156.0,17.06,22.973,104.37
2021-05-16,72.0,97.0,108.0,150.0,60.0,26.955,30.0,8.4151,29.0,42.0,18.0,16.949,35.0,33.0,34.0,86.0,135.0,15.161,19.695,74.529
2021-05-17,71.0,83.0,90.0,107.0,92.0,29.807,27.0,4.7112,23.0,32.0,17.0,16.861,28.0,28.0,31.0,65.0,108.0,13.391334,16.560333,50.381
2021-05-18,70.0,71.0,75.0,65.0,113.0,28.859,24.0,3.3829,19.0,25.0,16.0,6.605,24.0,23.0,28.0,51.0,80.0,13.149,19.217,43.417
2021-05-19,73.0,59.0,67.0,37.0,56.0,45.022,25.0,2.7378,15.0,22.0,16.0,10.457,23.0,20.0,27.0,35.0,59.0,11.726,14.239,34.741
2021-05-20,81.0,48.0,59.0,21.0,87.0,47.85,27.0,3.8,12.0,19.0,16.0,8.1301,22.0,17.0,26.0,25.0,42.0,13.149,17.099,29.045
2021-05-21,94.0,44.0,51.0,34.0,86.0,39.747,29.0,4.3559,10.0,17.0,15.0,13.24,21.0,15.0,25.0,23.0,31.0,12.281,15.514,26.588
2021-05-22,107.0,42.0,42.0,35.0,77.0,36.577,32.0,2.0,8.0,14.0,15.0,8.7189,21.0,13.0,24.0,19.0,24.0,10.691,13.413,25.198
2021-05-23,120.0,39.0,34.0,35.0,70.0,54.054,34.0,3.232,7.0,12.0,15.0,8.3507,20.0,13.0,23.0,15.0,23.0,8.6666,16.371,28.479
2021-05-24,131.0,37.0,27.0,36.0,66.0,35.02,35.0,4.31275,5.0,10.0,15.0,21.718267,20.0,12.0,23.0,15.0,21.0,6.151533,13.1866665,28.104334
2021-05-25,122.0,34.0,20.0,34.0,63.0,35.971,33.0,4.1096,6.0,9.0,14.0,9.3771,21.0,11.0,28.0,17.0,33.0,6.887,11.28,27.972
2021-05-26,110.0,35.0,32.0,26.0,60.0,49.342,29.0,7.1243,7.0,10.0,14.0,6.4701,22.0,11.0,42.0,12.0,30.0,4.5632,15.841,19.736
2021-05-27,98.0,38.0,35.0,70.0,59.0,40.245,26.0,3.203,8.0,14.0,14.0,7.772,29.0,16.0,61.0,19.0,46.0,9.2364,9.3645,17.195
2021-05-28,88.0,147.0,40.0,86.0,58.0,89.993,44.0,25.09035,9.0,22.0,14.0,12.45,50.0,59.0,1020.0,50.0,118.0,265.62,440.995,73.056
2021-05-29,83.0,187.0,43.0,110.0,56.0,40.504,93.0,9.9469,9.0,31.0,14.0,7.1428,57.0,54.0,990.0,80.0,129.0,151.38733,199.168,74.274
2021-05-30,78.0,112.0,37.0,61.0,55.0,36.959,74.0,3.2552,8.0,20.0,13.0,6.1728,45.0,33.0,287.0,54.0,103.0,22.35,58.184,48.011
2021-05-31,73.0,82.0,34.0,37.0,54.0,35.614,63.0,1.8903,7.0,11.0,13.0,5.822067,35.0,29.0,57.0,57.0,79.0,14.179,26.404,25.85
2021-06-01,69.0,65.0,34.0,31.0,53.0,57.946,53.0,5.3145,7.0,6.0,13.0,4.5932,26.0,27.0,29.0,64.0,56.0,11.54855,18.247,21.998
2021-06-02,66.0,72.0,37.0,35.0,53.0,46.349,47.0,8.125,7.0,13.0,27.0,10.184,23.0,27.0,214.0,54.0,51.0,40.053,36.002,25.477
2021-06-03,74.0,257.0,41.0,50.0,66.0,64.38,133.0,12.618,20.0,87.0,192.0,28.938,124.0,64.0,357.0,59.0,56.0,58.857334,91.273,32.587
2021-06-04,74.0,268.0,43.0,42.0,60.0,41.011,120.0,4.7106,38.0,64.0,50.0,29.201,137.0,61.0,121.0,50.0,60.0,29.2265,53.5525,45.82
2021-06-05,63.0,184.0,41.0,51.0,53.0,43.132,86.0,1.2837,23.0,39.0,20.0,15.309,89.0,42.0,75.0,42.0,57.0,21.822,30.961,38.759
2021-06-06,53.0,131.0,39.0,38.0,50.0,54.2,63.0,2.5188,12.0,25.0,18.0,11.822,58.0,28.0,46.0,38.0,54.0,14.314,28.093,33.887
2021-06-07,42.0,93.0,38.0,33.0,48.0,50.717,55.0,6.2211,7.0,18.0,17.0,11.207933,38.0,21.0,25.0,35.0,51.0,23.857267,22.544,31.819
2021-06-08,32.0,85.0,37.0,55.0,48.0,58.507,101.0,310.52,12.0,118.0,16.0,11.651,257.0,45.0,411.0,40.0,61.0,14.276,39.412,31.607
2021-06-09,39.0,528.0,46.0,52.0,55.0,145.13,416.0,29.034,24.0,298.0,15.0,828.4767,426.0,191.0,861.0,105.0,85.0,14.723,29.494,40.575
2021-06-10,78.0,276.0,42.0,73.0,82.0,149.46,240.0,17.127,27.0,175.0,36.0,131.0825,250.0,109.0,242.0,99.0,79.0,15.214,28.131,95.302
2021-06-11,78.0,174.0,41.0,45.0,71.0,132.11,150.0,16.085,22.0,104.0,22.0,70.033,201.0,52.0,74.0,88.0,97.0,14.993,83.66,143.81
2021-06-12,69.0,138.0,43.0,48.0,63.0,99.476,118.0,13.636,15.0,64.0,18.0,43.18,160.0,37.0,50.0,105.0,89.0,14.796,63.342,61.712
2021-06-13,61.0,121.0,39.0,45.0,56.0,75.351,94.0,9.5759,10.0,38.0,17.0,29.965,124.0,27.0,38.0,91.0,81.0,8.898,30.41,44.224
2021-06-14,54.0,108.0,37.0,34.0,50.0,117.23,73.0,11.38295,7.0,23.0,17.0,25.084,90.0,23.0,27.0,82.0,74.0,7.573467,25.465,48.3
2021-06-15,48.0,99.0,37.0,21.0,46.0,58.459,60.0,9.3395,5.0,16.0,16.0,18.058,58.0,19.0,17.0,73.0,67.0,7.1942,18.782,48.168
2021-06-16,43.0,92.0,33.0,20.0,42.0,62.069,51.0,10.06,5.0,14.0,16.0,25.122,36.0,19.0,15.0,64.0,62.0,6.8445,11.979,42.839
2021-06-17,39.0,85.0,29.0,16.0,39.0,65.663,47.0,12.517,7.0,13.0,16.0,25.27,23.0,19.0,13.0,55.0,56.0,6.1643,10.877,40.077
2021-06-18,38.0,106.0,48.0,13.0,39.0,82.307,47.0,58.9595,10.0,18.0,28.0,75.829,20.0,19.0,16.0,49.0,50.0,11.288,18.384,44.312
2021-06-19,43.0,130.0,53.0,44.0,49.0,75.923,58.0,87.522,12.0,38.0,37.0,28.393,50.0,20.0,19.0,45.0,46.0,16.666,14.124,36.111
2021-06-20,42.0,147.0,50.0,35.0,70.0,69.382,76.0,13.605,16.0,34.0,25.0,19.928,81.0,20.0,42.0,43.0,50.0,8.7837,15.832,29.164
2021-06-21,63.0,158.0,66.0,30.0,463.0,159.69,429.0,118.63333,21.0,27.0,22.0,36.893,78.0,20.0,523.0,46.0,64.0,7.5497,15.989,36.769
2021-06-22,121.0,190.0,76.0,50.0,377.0,277.14,239.0,43.877,21.0,22.0,19.0,29.872667,70.0,20.0,184.0,39.0,61.0,5.5988,9.77245,36.4105
2021-06-23,147.0,109.0,53.0,62.0,154.0,124.77,151.0,18.08,18.0,21.0,19.0,27.722,62.0,19.0,59.0,50.0,55.0,5.7729,6.5243,32.459
2021-06-24,115.0,69.0,40.0,44.0,98.0,64.38,129.0,10.121,15.0,20.0,18.0,23.208,55.0,19.0,32.0,42.0,49.0,6.2981,7.2944,37.012
2021-06-25,89.0,167.0,54.0,52.0,82.0,51.316,116.0,28.842,12.0,19.0,18.0,18.791,48.0,18.0,268.0,39.0,45.0,20.846,89.9545,35.665
2021-06-26,126.0,153.0,68.0,128.0,358.0,181.74,148.0,339.87,10.0,19.0,17.0,16.069,42.0,17.0,337.0,43.0,54.0,9.247,56.064335,37.851
2021-06-27,193.0,91.0,51.0,119.0,232.0,173.46,194.0,27.758,7.0,18.0,111.0,14.256,38.0,17.0,116.0,40.0,57.0,7.5282,42.497,61.805
2021-06-28,144.0,73.0,45.0,78.0,135.0,134.61333,140.0,21.824333,20.0,23.0,199.0,280.23,33.0,22.0,37.0,44.0,50.0,6.3139334,27.129,109.552
2021-06-29,79.0,63.0,72.0,62.0,103.0,91.307,127.0,285.36,26.0,23.0,44.0,79.492,132.0,34.0,23.0,51.0,43.0,7.7355,13.925,160.07
2021-06-30,64.0,59.0,58.0,68.0,86.0,81.259,142.0,190.637,22.0,51.0,210.0,182.27933,118.0,44.0,15.0,55.0,54.0,23.272,156.65,86.549
2021-07-01,98.0,66.0,143.0,104.0,78.0,85.292,306.0,102.089,18.0,42.0,132.0,159.985,135.0,36.0,25.0,46.0,78.0,16.769,93.696,113.01
2021-07-02,150.0,67.0,207.0,186.0,72.0,61.786,142.0,16.49,16.0,24.0,53.0,70.274,145.0,27.0,30.0,55.0,89.0,11.3128,49.057,64.45
2021-07-03,131.0,58.0,125.0,140.0,66.0,58.623,80.0,11.944,16.0,15.0,30.0,46.76,126.0,22.0,28.0,46.0,84.0,5.6417,24.732,59.304
2021-07-04,97.0,53.0,61.0,93.0,60.0,61.614,68.0,9.3708,15.0,12.0,27.0,32.06,109.0,19.0,26.0,42.0,77.0,6.1728,17.373,59.065
2021-07-05,68.0,51.0,41.0,59.0,54.0,55.906334,66.0,16.179667,15.0,11.0,24.0,19.549,94.0,18.0,24.0,38.0,69.0,6.08945,18.8115,52.053665
2021-07-06,43.0,50.0,31.0,37.0,49.0,57.516,61.0,9.7765,14.0,11.0,21.0,20.027,78.0,17.0,22.0,43.0,62.0,8.0375,15.758,46.639
2021-07-07,36.0,47.0,27.0,28.0,43.0,82.368,51.0,10.709,13.0,11.0,21.0,12.76,63.0,17.0,21.0,44.0,57.0,49.315,71.379,37.863
2021-07-08,59.0,44.0,31.0,21.0,38.0,117.6,66.0,41.379,14.0,10.0,34.0,42.876,48.0,17.0,21.0,43.0,53.0,108.35,32.407,33.472
2021-07-09,68.0,43.0,52.0,18.0,34.0,122.96,75.0,12.104,14.0,10.0,23.0,33.462,40.0,18.0,20.0,41.0,50.0,5.3368,20.759,29.689
2021-07-10,55.0,45.0,47.0,22.0,30.0,70.373,49.0,10.706,11.0,12.0,20.0,19.23,50.0,21.0,19.0,42.0,51.0,7.2895,23.859,25.712
2021-07-11,47.0,52.0,67.0,26.0,29.0,53.998,43.0,7.3875,12.0,22.0,19.0,41.948,66.0,58.0,36.0,61.0,75.0,40.8395,79.7345,36.152
2021-07-12,44.0,68.0,66.0,24.0,38.0,88.467,52.0,12.760834,12.0,24.0,19.0,26.018333,102.0,62.0,51.0,59.0,82.0,35.84275,133.35,43.8455
2021-07-13,117.0,99.0,58.0,83.0,137.0,391.13,182.0,182.90134,8.0,26.0,19.0,35.353,85.0,45.0,39.0,49.0,74.0,37.921,134.52667,81.163
2021-07-14,87.0,67.0,61.0,100.0,212.0,133.81,328.0,37.0535,7.0,49.0,20.0,21.304,115.0,39.0,33.0,39.0,68.0,20.064,65.78,53.619
2021-07-15,55.0,61.0,67.0,96.0,101.0,111.03,170.0,12.096,18.0,25.0,20.0,14.124,122.0,40.0,59.0,54.0,62.0,124.51,57.324,48.407
2021-07-16,47.0,90.0,58.0,92.0,81.0,75.534,68.0,11.355,15.0,25.0,56.0,18.3,207.0,44.0,299.0,65.0,57.0,145.25366,178.92334,57.449
2021-07-17,52.0,236.0,242.0,213.0,372.0,109.39,69.0,52.684,36.0,97.0,144.0,185.06334,305.0,239.0,200.0,164.0,133.0,59.208,89.711,116.87
2021-07-18,65.0,115.0,100.0,150.0,157.0,156.84,121.0,17.96,51.0,112.0,65.0,97.06033,101.0,132.0,99.0,124.0,243.0,32.858334,30.124,290.94
2021-07-19,61.0,92.0,65.0,81.0,96.0,97.15134,106.0,11.3915,42.0,70.0,26.0,62.208668,56.0,58.0,63.0,105.0,161.0,20.397,34.219,169.43666
2021-07-20,55.0,76.0,50.0,53.0,76.0,80.559,98.0,9.7402,28.0,45.0,15.0,27.944,44.0,45.0,45.0,69.0,85.0,13.358,21.78,141.39
2021-07-21,50.0,69.0,41.0,40.0,64.0,57.629,87.0,8.5134,28.0,31.0,10.0,20.202,49.0,35.0,33.0,58.0,48.0,12.048,15.812,52.069
2021-07-22,48.0,65.0,36.0,32.0,54.0,52.809,76.0,5.6461,23.0,25.0,9.0,14.935,42.0,26.0,31.0,49.0,39.0,11.83,10.906,60.806
2021-07-23,48.0,70.0,34.0,30.0,120.0,110.51,59.0,59.0475,21.0,23.0,8.0,13.435,37.0,22.0,65.0,39.0,36.0,76.926,132.783,75.37
2021-07-24,60.0,97.0,46.0,48.0,225.0,218.32,89.0,169.577,22.0,29.0,8.0,10.06,34.0,21.0,173.0,45.0,58.0,62.839,87.61667,37.109
2021-07-25,82.0,66.0,45.0,58.0,362.0,247.32,192.0,34.727,22.0,32.0,8.0,7.9576,31.0,20.0,135.0,49.0,88.0,62.839,55.128,91.66
2021-07-26,89.0,85.0,43.0,52.0,154.0,69.166664,99.0,12.1436,24.0,38.0,7.0,9.036867,29.0,21.0,91.0,41.0,91.0,62.839,27.882,53.498665
2021-07-27,79.0,69.0,44.0,45.0,95.0,29.333,50.0,7.0967,30.0,28.0,7.0,6.6356,28.0,23.0,74.0,34.0,83.0,62.839,12.445,44.572
2021-07-28,71.0,76.0,45.0,44.0,77.0,17.241,46.0,5.8252,18.0,23.0,7.0,6.3411,27.0,30.0,71.0,29.0,76.0,62.839,8.1688,30.618
2021-07-29,65.0,64.0,42.0,46.0,63.0,16.37,48.0,6.4841,15.0,20.0,7.0,10.702,26.0,38.0,71.0,25.0,70.0,62.839,5.9132,43.631
2021-07-30,58.0,47.0,38.0,46.0,46.0,14.12,50.0,4.6174,15.0,19.0,7.0,6.4557,25.0,43.0,70.0,23.0,64.0,62.839,5.8939,37.623
2021-07-31,51.0,38.0,36.0,40.0,36.0,20.221,52.0,3.8168,17.0,18.0,7.0,5.3583,28.0,42.0,72.0,20.0,57.0,62.839,6.3291,37.333
2021-08-01,46.0,34.0,35.0,32.0,29.0,21.935,46.0,5.102,16.0,16.0,7.0,3.8759,31.0,41.0,74.0,19.0,51.0,62.839,4.8109,41.132
2021-08-02,42.0,32.0,33.0,24.0,26.0,33.712,35.0,3.7549334,16.0,15.0,7.0,8.588166,28.0,41.0,75.0,18.0,45.0,12.0767,6.2117667,36.477665
2021-08-03,38.0,30.0,31.0,17.0,23.0,39.577,26.0,2.6684,15.0,14.0,6.0,8.3386,26.0,40.0,77.0,17.0,39.0,8.8255,5.5324,30.646
2021-08-04,36.0,30.0,29.0,13.0,23.0,44.088,22.0,3.8192,15.0,13.0,6.0,8.4415,23.0,39.0,77.0,17.0,35.0,9.0615,6.8196,26.281
2021-08-05,35.0,30.0,27.0,11.0,22.0,45.751,21.0,3.3311,14.0,13.0,6.0,9.7024,21.0,39.0,76.0,17.0,33.0,10.176,5.0987,26.554
2021-08-06,34.0,31.0,27.0,9.0,22.0,52.463,20.0,5.291,14.0,12.0,6.0,3.3422,18.0,38.0,76.0,17.0,30.0,10.142,5.5401,29.372
2021-08-07,34.0,32.0,29.0,9.0,22.0,46.56,19.0,3.2154,13.0,12.0,6.0,7.1521,16.0,37.0,76.0,18.0,29.0,11.509,7.3676,21.554
2021-08-08,33.0,32.0,30.0,11.0,22.0,46.384,19.0,3.2133,13.0,12.0,9.0,6.1349,14.0,37.0,76.0,18.0,28.0,9.3458,4.0404,24.209
2021-08-09,33.0,33.0,29.0,12.0,21.0,48.86,18.0,3.4601,15.0,13.0,9.0,15.5092,13.0,36.0,75.0,18.0,27.0,15.247,8.100433,26.417334
2021-08-10,41.0,34.0,36.0,14.0,21.0,45.484,33.0,6.6711,22.0,15.0,7.0,7.8175,14.0,44.0,80.0,18.0,26.0,14.379,6.4391,57.771
2021-08-11,57.0,51.0,44.0,32.0,23.0,50.847,34.0,5.2666,23.0,16.0,19.0,35.216,21.0,59.0,100.0,21.0,27.0,36.666,21.709,28.928
2021-08-12,64.0,53.0,44.0,53.0,35.0,49.217,31.0,9.1383,21.0,24.0,16.0,11.417,30.0,57.0,113.0,32.0,44.0,23.855,9.2226,34.355
2021-08-13,53.0,36.0,38.0,47.0,70.0,47.823,29.0,8.1709,18.0,20.0,11.0,6.0524,35.0,41.0,108.0,43.0,49.0,46.283,15.904,32.994
2021-08-14,43.0,31.0,33.0,36.0,68.0,92.617,29.0,7.7139,17.0,18.0,8.0,11.938,33.0,38.0,102.0,40.0,43.0,12.376,13.55,35.491
2021-08-15,37.0,29.0,30.0,26.0,45.0,67.307,50.0,7.8515,17.0,16.0,8.0,6.4724,31.0,39.0,96.0,37.0,38.0,9.6818,9.0438,39.057
2021-08-16,34.0,26.0,28.0,21.0,30.0,50.998,61.0,3.7946,16.0,16.0,8.0,7.8016334,29.0,38.0,90.0,35.0,32.0,11.209666,9.948,42.119
2021-08-17,31.0,22.0,26.0,16.0,27.0,71.294,57.0,2.0066,15.0,15.0,7.0,6.887,27.0,37.0,84.0,33.0,27.0,8.6206,8.5301,35.984
2021-08-18,30.0,22.0,24.0,14.0,27.0,45.899,52.0,3.1746,14.0,15.0,10.0,8.0916,26.0,38.0,79.0,31.0,24.0,8.8919,6.0852,34.212
2021-08-19,30.0,22.0,22.0,12.0,29.0,47.912,46.0,1.3271,13.0,15.0,9.0,5.8593,25.0,41.0,75.0,29.0,22.0,9.8944,6.8259,28.762
2021-08-20,29.0,22.0,20.0,11.0,32.0,46.254,42.0,2.6455,12.0,14.0,8.0,6.5445,24.0,44.0,71.0,27.0,19.0,9.2348,6.4725,26.613
2021-08-21,30.0,23.0,18.0,8.0,36.0,38.334,39.0,4.9474,12.0,14.0,8.0,7.0198,24.0,44.0,126.0,25.0,17.0,9.849,7.5497,23.968
2021-08-22,31.0,24.0,16.0,9.0,39.0,45.454,37.0,3.7879,13.0,14.0,7.0,6.3131,24.0,41.0,160.0,23.0,15.0,10.423,7.0558,35.642
2021-08-23,35.0,24.0,16.0,9.0,42.0,42.039,34.0,4.040467,12.0,14.0,7.0,6.2680335,24.0,39.0,142.0,19.0,14.0,20.605333,9.831833,19.057
2021-08-24,38.0,29.0,22.0,11.0,45.0,45.245,34.0,4.6052,13.0,13.0,7.0,4.0705,22.0,38.0,117.0,22.0,16.0,15.267,11.675,24.579
2021-08-25,43.0,32.0,21.0,11.0,47.0,45.245,34.0,3.6742,15.0,19.0,7.0,12.692,23.0,38.0,105.0,28.0,14.0,10.376,12.681,24.022
2021-08-26,48.0,33.0,17.0,9.0,42.0,45.245,32.0,4.5513,15.0,28.0,7.0,7.8636,26.0,38.0,94.0,24.0,13.0,3.8935,8.5639,19.682
2021-08-27,51.0,36.0,51.0,13.0,36.0,45.245,30.0,55.064,14.0,19.0,7.0,3.1645,27.0,55.0,237.0,28.0,13.0,5.98,6.68,23.255
2021-08-28,46.0,36.0,50.0,36.0,31.0,45.245,27.0,7.6976,14.0,16.0,8.0,5.2562,27.0,78.0,230.0,30.0,15.0,35.928,9.1463,22.514
2021-08-29,41.0,42.0,51.0,19.0,27.0,36.236,23.0,4.5483,13.0,14.0,7.0,4.9857,26.0,101.0,194.0,24.0,16.0,19.633,11.409,19.144
2021-08-30,37.0,53.0,50.0,12.0,22.0,43.30633,18.0,4.853,12.0,13.0,9.0,14.784367,26.0,118.0,174.0,23.0,18.0,40.254,14.8245,19.414
2021-08-31,34.0,48.0,46.0,8.0,38.0,40.983,21.0,3.3068,12.0,19.0,12.0,4.676,25.0,102.0,163.0,22.0,19.0,25.49,15.403,20.529
2021-09-01,32.0,63.0,42.0,7.0,49.0,41.994,24.0,3.4746,12.0,13.0,10.0,4.1869,26.0,82.0,152.0,23.0,20.0,15.713,11.942,27.341
2021-09-02,29.0,72.0,38.0,6.0,47.0,39.95,23.0,2.6954,21.0,10.0,9.0,1.9169,25.0,63.0,142.0,30.0,22.0,7.7821,11.749,17.8
2021-09-03,27.0,65.0,35.0,7.0,45.0,43.147,22.0,3.6923,19.0,9.0,8.0,4.5751,24.0,56.0,132.0,32.0,23.0,6.5402,6.8965,19.512
2021-09-04,26.0,48.0,33.0,11.0,45.0,33.492,20.0,1.3219,17.0,8.0,8.0,6.2805,23.0,52.0,123.0,31.0,24.0,6.7659,7.3665,23.687
2021-09-05,26.0,37.0,30.0,10.0,48.0,42.156,20.0,3.0959,15.0,7.0,8.0,3.8885,22.0,50.0,132.0,30.0,25.0,11.756,7.8483,18.125
2021-09-06,25.0,31.0,28.0,11.0,52.0,38.671333,21.0,7.5633,13.0,7.0,8.0,2.7118,22.0,47.0,120.0,29.0,27.0,12.687,29.82145,30.007668
2021-09-07,24.0,28.0,26.0,10.0,56.0,34.597,21.0,1.9933,12.0,6.0,7.0,4.29715,27.0,45.0,109.0,28.0,27.0,7.9734,9.3209,26.264
2021-09-08,25.0,27.0,24.0,8.0,57.0,36.314,20.0,2.1443,14.0,6.0,7.0,4.5513,30.0,48.0,207.0,25.0,25.0,11.979,11.797,23.062
2021-09-09,26.0,28.0,23.0,8.0,57.0,36.74,19.0,2.038,16.0,5.0,7.0,5.2735,25.0,52.0,264.0,23.0,22.0,11.103,17.751,23.062
